Title,Company,Location,Time
"Senior Software Developer - .NET, Azure, RESTful Web Services",CyberCoders,"Seattle, WA",3 days ago
SOFTWARE APPLICATION DEVELOPER/ANALYST III,Swift Transportation,"Phoenix, AZ",8 days ago
"Golang, Java or Python Software Developer for a Major Networking company in San Jose, CA",OSI Engineering,"San Jose, CA",6 days ago
Software Developer,"Acuity, Inc.","UNAVAILABLE, DC",8 days ago
Senior Software Engineer/Developer,Kratos Defense & Security Solutions,"Dahlgren, VA",14 days ago
Software Developer II (E2),"0001 Applied Materials, Inc","Phoenix, AZ",Posted today
Software Developer,Collabera,"Vienna, VA",Posted today
Software Developer/Full-Stack,VW Automotive Cloud,"Redmond, WA",1 day ago
Software Developer,LRS,"Springfield, IL",1 day ago
Software Developer - .Net,Expert Technical Solutions,"Atlanta, GA",3 days ago
Systems Administrator,Dilanti Media Limited,Willemstad,12 days ago
Software Developer,"Segue Technologies, Inc.","Randolph AFB, TX",6 days ago
Software Developer,NTERSOL,"Mahwah, NJ",6 days ago
Senior Software Developer,CGS,"Arlington, TX",6 days ago
Software Developer,System Soft Technologies,"Tampa, FL",7 days ago
Software Developer,CBTS a Cincinnati Bell Company,"Hamilton, OH",7 days ago
Software Developer,Relationship One,"MINNEAPOLIS, MN",8 days ago
Senior Software Developer (.NET/C#/Microsoft Full Stack),Company Confidential,"Buckhead, GA",8 days ago
Jr. Cloud Software Developer (OUR W2 ONLY!!! -- No C2C),"InfoWeb Systems, Inc.","Milan, IL",14 days ago
Software Developer,Fidelity TalentSource,"Salt Lake City, UT",15 days ago
Senior Software Developer,Newsmax Media,"Boca Raton, FL",21 days ago
.Net MVC Developer /Software Application Developer,sedonagovernmentservices.com,"Davenport, IA",23 days ago
Software Developer,1981,"Manassas, VA",23 days ago
Software Developer,"JMA Solutions, LLC",,27 days ago
Full Stack Software Developer,System One,"Spring, TX",30 days ago
APPLICATION DEVELOPER/SOFTWARE ENGINEER,Softthink Solutions Inc,"Arlington, VA",Posted today
Software Developer,HCL Technologies Limited,"Redmond, WA",1 day ago
A148- Linux/C/C++ Software Developer,"Netsource, Inc.","Englewood, CO",2 days ago
6018 - Senior Software Developer,"IndraSoft, Inc.","Hampton, VA",2 days ago
SDN/NFV Software Developer - Work Remotely,Datavision Inc,,3 days ago
Software Developer/Engineer,Luxoft USA,"Oakland, CA",4 days ago
Software Developer,Confidential,"HOUSTON, TX",4 days ago
Senior Software Developer,"Overall Parts Solutions, Inc.","Grand Prairie, TX",4 days ago
Software Engineer/Developer,Expedent Corp,"Irving, TX",4 days ago
Sr. Software Developer,Lambda Research Corporation,"Littleton, MA",5 days ago
Software Developer (Entry-Level),"IMS, Inc.","Beltsville, MD",6 days ago
Sr. Software Developer & Technical Lead,Thoughtline Technologies Inc,"Lake in the Hills, IL",6 days ago
Software Developer,Fusco Personnel Inc.,"Albany, NY",6 days ago
Software Developer - React JS,"Stonehenge Resources, LLC","Andover, MA",8 days ago
Software Developer Engineer In Test,3MD Inc.,"Redmond, WA",8 days ago
Software Developer IV - Java,SNI Technology,"Jacksonville, FL",8 days ago
Senior Software Developer,Collaborate Solutions Inc.,"Shrewsbury, MA",9 days ago
Software Developer,Datis HR Cloud Inc,"Tampa, FL",9 days ago
Entry level Software Developer,Tata Consultancy Services,"Atlanta, GA",10 days ago
Software Developer,Persistent Systems Inc.,"Santa Clara, CA",10 days ago
Software Developer,"Y-Prime, LLC","Malvern, PA",10 days ago
Software Developer,J.P. Morgan Chase & Co,"Tampa, FL",11 days ago
Software Developer & Business Development Manager,"Equinox IT Solutions, LLC","Dallas, TX",11 days ago
Software Developer,Northbound LLC,"Campbell, CA",13 days ago
Software Developer,Incruises International LLC,"Guaynabo, PR",13 days ago
Java Backend Software Developer,GS Global Services Inc.,"Burlington, MA",13 days ago
Software Developer,Vision Info Tech,"Las vegas, NV",14 days ago
Software Developer I or II,Liebherr Mining Equipment Newport News Co.,"Newport News, VA",15 days ago
Senior Software Developer,Lionbridge,"Boise, ID",16 days ago
Software Developer I,"OCR Services, Inc.","Exton, PA",18 days ago
Software Developer-Boca,Staffing Now,"Boca Raton, FL",21 days ago
Software Developer (Entry Level),"Smart Software Solutions, Inc","Pierre, SD",22 days ago
Java/Software Developer (Mid-level),Mastech Digital,"Mahwah, NJ",23 days ago
Software Developer - System Software,Sigma Software,"Dallas, TX",23 days ago
Software Developer - Map products (GIS),Airborne Interactive,"Lake Forest, CA",25 days ago
Sr. Software Developer,Align Tech,"San Jose, CA",25 days ago
Software Developer,Mahantech,"Charleston, WV",25 days ago
Software Application Developer,Winsupply Inc,"DAYTON, OH",27 days ago
Senior Node Software Developer,"Centurion Consulting Group, LLC","Baltimore, MD",27 days ago
Software Developer,Oregon Department of Transportation,"Salem, OR",29 days ago
Software Application Developer,Sedona Technologies Government Services,"Davenport, IA",29 days ago
"Software Developer-Application Architect, Azure/BI, AWS/Big Data, AWS/DevOps/Cloud Admin",ClientServer Technology Solutions,"Iselin, NJ",29 days ago
Software Development Engineer,TRUMPF Inc.,"Hoffman Estates, IL",Posted today
Software Developer II,ANSYS,"Concord, MA",Posted today
SAP Fiori Developer for Analytical Apps (Hana XS),Trigyn Technologies Inc,"New York City, NY",1 day ago
Software Developer,Zolon Tech,"Cupertino, CA",1 day ago
Software Developer (Java and C++),C2 Essentials Inc.,"Manassas, VA",1 day ago
Application Developer,Idealforce,"Salt Lake City, UT",1 day ago
IT Application Developer (Python and Java),Equitable,"Charlotte, NC",1 day ago
Exstream Software Developer,GlobalPundits,"Columbia, SC",2 days ago
Software Developer,Konica Minolta,"Windsor, CT",2 days ago
Software Developer,Bowhead,"Vicksburg, MS",2 days ago
Senior Application Developer,"Federated Hermes, Inc.","Warrendale, PA",2 days ago
Senior Software Developer (.Net/C#),SITA,"Dayton, OH",2 days ago
Business Analyst - Software Development,CRISP,"Columbia, MD",6 days ago
Senior Software Developer,Stone Management,"New York, NY",6 days ago
Computer Software Development Engineer,US ARMY Ground Vehicle Systems Center,"WARREN, MI",8 days ago
Senior Applications Developer,"AbleForce, Inc.","Poway, CA",9 days ago
Software Developer – BA/QA,Fusion Solutions,"Plano, TX",9 days ago
Software Development Engineer,Idexcel,"Champaign, IL",10 days ago
Senior Software Developer,Best High Technologies LLC (BHT),"jersey city, NJ",13 days ago
Sr. Application Developer,Decide Consulting,"houston, TX",24 days ago
Software Application Developer-Product 4 (iOS Software Developer),Tekwissen LLC,"Wilsonville, OR",28 days ago
Software Developer,HireTech Group,"Streetsboro, OH",29 days ago
Software Developer,Clinpharma Clinical Research,"Princeton, NJ",29 days ago
Application Software Developer,ASRC Federal Holding Company LLC,"Moorestown, NJ",Posted today
STUDENT ANALYST - STUDENT ASSISTANT-R&D - STUDENT ENGINEER - SOFTWARE DEVELOPMENT 10-01140,Southwest Research Institute,"San Antonio, TX",Posted today
Lead Java Software Developer,Smart Synergies Inc,"Herndon, VA",Posted today
Oil & Gas IT Application Developer,The Bergaila Companies,"Houston, TX",Posted today
Software Developers,Rang Technologies Inc,"Piscataway, NJ",1 day ago
Application Developer-Facets,West Coast Consulting LLC,"Las Vegas, NV",1 day ago
Application Developer,Cystems Logic Inc,"Benton Harbor, MI",1 day ago
"Sr. Business Analyst, Software Development",BioClinica,"Franklin, TN",1 day ago
IT Cloud Engineer,PenFed Credit Union,"McLean, VA",1 day ago
Software Developer,Virtusa,"San Jose, CA",1 day ago
Senior Software Developer,VincentBenjamin,"Phoenix, AZ",2 days ago
Senior Software Developer,"Harmonia Holdings Group, LLC","McLean, VA",2 days ago
GIS Application Developer - A3031A,Technovision,"Harrisburg, PA",3 days ago
Software Developers,VIVA USA Inc,"Rolling Meadows, IL",3 days ago
Lead Application Developer,ADP Technology Services Inc,"Alpharetta, GA",3 days ago
Lead Application Developer,"ADP Technology Services, Inc.","Alpharetta, GA",3 days ago
"GIS Application Developer (with strong ESRI technology, JavaScript, PYTHON, JSON/GeoJSON)","LingaTech, Inc.","Harrisburg, PA",3 days ago
Software Developer - TS/SCI,Technical Staffing,"Reston, VA",4 days ago
"SENIOR APPLICATION DEVELOPER, SALESFORCE (US)","VWR MANAGEMENT SERVICES, LLC","Radnor, PA",4 days ago
Application Integrator and Developer,Vermont Electric,"Rutland, VT",6 days ago
Software Development Engineer,"OfferUp, Inc","Bellevue, WA",6 days ago
Software Development Engineer II – Backend,"OfferUp, Inc.","Bellevue, WA",6 days ago
Senior Software Developers,"CoStar Realty Information, Inc.","San Diego, CA",6 days ago
Senior Application Developer,Synergy America,"Kennesaw, GA",7 days ago
"Application Developer, Java & Angular",Dev Technology Group,"Alexandria, VA",8 days ago
Application Developer,Business Plan Solutions,"San Antonio, TX",9 days ago
Object Oriented Software Tool Developer*,Odyssey Systems Consulting Group,"Lexington, MA",10 days ago
Senior C/C++ Software Developer in Biotechnology,"Medical Science & Computing, LLC","North Bethesda, MD",10 days ago
Software Developer,Reynolds and Reynolds,"Dayton, OH",11 days ago
Software Developer - Java,Scientific Research Corporation,"North Charleston, SC",13 days ago
Java Application Developer,"eTeam, Inc.","Mason, OH",15 days ago
Software Engineer/Developer,ERC,"Eglin Afb, FL",15 days ago
Application Developer Senior,intiGrow,"Houston, TX",15 days ago
Application Developer,ORBIS,"Mechanicsburg, PA",17 days ago
Application Developer,BayForce Technology Solutions,"Glendale, WI",20 days ago
Lead Software Developer,Object Systems Intl.,"Salt Lake City, UT",20 days ago
Software Developer / Engineer,Wood,"Wichita, KS",20 days ago
Software Developers\Filenet Developers,Global Infotech Inc,"SCHAUMBURG, IL",20 days ago
Azure .Net Developer,Entek Solutions,"Miami, FL",24 days ago
Data Engineer/Azure Application Engineer,Kivish Infotech Corp,"Fremont, CA",27 days ago
Application Developer,CenterPointe Hospital,"St Charles, MO",28 days ago
Software Developer,P Chappel Associates Inc,"New York, NY",29 days ago
Software Engineer/Java Developer,Mindteck (India) Limited,"Pittsburgh, PA",29 days ago
Application Developer,Datalink Software Consultants,"Hartford, CT",30 days ago
Software Developer,Assurance Technology Corporation,"Stafford, VA",+30 days ago
Software Developer - Development Engineering (CONTRACT),Connexion Systems and Engineering,"Bedford, MA",Posted today
Sr. Software Engineer/.Net Web Developer,"Spectra Tech, Inc.","Aiken, SC",Posted today
"Java Micro Services Developer- Englewood, CO",Xavient Digital- Powered by Telus International,"Englewood, CO",1 day ago
Sr. Application Developer,"Metro Systems, Inc.","Charlotte, NC",1 day ago
Java Microservices Developer,Net 2 Source,"Jersey City, NJ",2 days ago
Senior Applications Developer,Soal Technologies Inc,"Vancouver, WA",2 days ago
Solutions Architect & Software Engineering Team Lead,"TECHNOLOGY PARTNERS, INC.","San Juan, PR",2 days ago
Lead Application Developer,Oregon Mutual Insurance,"McMinnville, OR",3 days ago
"GIS Application Developer - Harrisburg, PA",Smart IMS,"Harrisburg, PA",3 days ago
Sr. Software Developer,Ultra Clean Technology,"Phoenix, AZ",3 days ago
Application Developer,Meridian Technology Group Inc.,"Salem, OR",3 days ago
Azure Cloud Architect,System One /ALTA IT Services,"Columbia, MD",6 days ago
Senior Web Developer .NET / C# / MVC / Azure,Responsive Search,"Deerfield, IL",6 days ago
Mobile Developer(Android OR Ios),Kvell Systems Inc,"Woonsocket, RI",7 days ago
Software Developer,Vigna Inc,"Ossining, NY",8 days ago
Software Developer,The Panther Group,"Norwood, MA",8 days ago
Need Sr Azure .Net Consultant with Networking background,Ness USA Inc,"Alpharetta, GA",9 days ago
"Software Developer, Intermediate",FLORIDA FARM BUREAU,"Gainesville, FL",10 days ago
CORPORATE SQL APPLICATIONS DEVELOPER (Microsoft Servers),"Black Leopard, Inc.","Sioux City, IA",12 days ago
Application Developer,TOPSYSIT,"Manhattan, NY",15 days ago
Software Developer,Viva USA Inc.,"Des Moines, IA",15 days ago
Azure Cloud Automation Engineer,Anjaneyap Global Inc,"Plano, TX",23 days ago
eCommerce Software Architect,AIT Global Inc,"Framingham, MA",24 days ago
Mobility Connected Vehicle Software Engineer,Advantage Resourcing,"Taylor, MI",Posted today
Engineer Software III,Honeywell,"Fort Mill, NC",Posted today
Senior Full Stack Developer,Freddie Mac,"McLean, VA",1 day ago
Java Full Stack Developer,Wipro Limited,"Richfield, MN",1 day ago
.Net Core Developer - 5229,The MIL Corporation (MIL),"Remote, OR",1 day ago
Software Engineer,Concord,"Hopkins, MN",1 day ago
Senior Java Developer,Open Systems Technologies,"McLean, VA",1 day ago
MapR - Big Data Developer FD0MD,iSphere,"Houston, TX",1 day ago
GOLANG Developer,Triveni,"Bellevue, WA",1 day ago
Senior JavaScript Engineer,Applied Resource Group,"Atlanta, GA",1 day ago
Sr. Java Developer,Aditi Consulting,"Bellevue, WA",1 day ago
Application Developer,MATRIX Resources,"Charlotte, NC",2 days ago
Senior Application Developer / Java and AWS Backend,Vantez Systems Inc,"West McLean, VA",2 days ago
Golang Python Developer,Tachyon Technologies,"Bellevue, WA",2 days ago
Software Developer,Eliassen Group,"Rockville, MD",2 days ago
Sr. Application Developer- Xamarin,"V-Soft Consulting Group, Inc.","Greenwood Village, CO",2 days ago
mobile application developer,Aditi Staffing Private Limited,"Bellevue, WA",2 days ago
Mid Level Java Developer,Amida Technologies,"WASHINGTON, DC",2 days ago
Microservices Developer with GCP Experience,CODEFORCE 360,"Austin, TX",3 days ago
Software Developer III,Cottonwood Financial,"Irving, TX",3 days ago
Sr .Net Developer,IntellectFaces IT,"Long Island city, NY",3 days ago
Sitecore Developer,Parkar Consulting Group LLC.,"San Francisco, CA",3 days ago
Cloud Engineer,"The CEI Group, Inc.","Framingham, MA",5 days ago
Agile Software Developer,"ECS Federal, LLC","Fairfax County, VA",5 days ago
BigData Developer,HR Pundits Inc,"Charlotte, NC",5 days ago
Sr iOS & Android app developer; Jersey City; URGENT,Wicresoft,"Jersey City, NJ",6 days ago
MOBILE APP SOFTWARE DEVELOPER,"Staffing Solutions Usa, Inc.","Saddle River, NJ",6 days ago
.Net Developer,Merchants Insurance Group,"BUFFALO, NY",6 days ago
Backend Developer - C#/SQL - Contract or Contract for Hire,"Agema Technology, Inc","Brea, CA",6 days ago
Mobile Application Developer,Caltech IT Solution Pvt. Ltd,"Iselin, NJ",6 days ago
Lead .Net Developer,Enquizit Inc.,"Arlington, VA",6 days ago
Lead Application Developer,Pro Search Inc.,"Portland , ME",6 days ago
"Mobile Developer(iOS/Android)-Charlotte, NC",Digital Technology Solutions,"Charlotte, NC",6 days ago
Need Mobile Developers iOS / Android,Vencedor Software Group Inc.,"Beaverton, OR",7 days ago
.NET/Web Application Developer (Top Secret),ALTA IT Services,"Herndon, VA",7 days ago
Full Stack Developer,Vencesoft,"Boston, MA",7 days ago
Multiple .Net/ C# / Full Stack Developer (W2 ONLY),Vencedor Software Group,"Durham, NC",7 days ago
20-00588- Developer / Software Engineer - Application System Analyst,Sky Solutions LLC,"Seattle, WA",8 days ago
Sr. Java Developer,Fisec Global,"Pleasanton, CA",8 days ago
Lead Application Developer,Sigmaways Inc,"San francisco, CA",8 days ago
Backend Developer (Java and/or NodeJS),"Arvato Systems North America, Inc.","New York, NY",9 days ago
AWS Architect (SAP Applications Migration),Tech Era Inc.,"Santa clara, CA",9 days ago
Fullstack Developer (Angular a must),"KR Elixir, Inc","Roswell, GA",10 days ago
Sr. Blockchain Developer,InfoVision,"Irving, TX",10 days ago
.Net Developer(***Urgent),TechDigital Corporation,"Reston, VA",10 days ago
Java Developer - W2 ONLY,Pinnacle Group,"St. Louis, MO",10 days ago
Senior SharePoint Architect and Developer,Goldbelt Inc,"Washington, DC",10 days ago
Lead Software Engineer,Datum Software,"Philadelphia, PA",10 days ago
Java Developer - Recent Graduates are welcome,Cogent Infotech Corporation,"Pittsburgh, PA",11 days ago
Salesforce Developer,TekStream Solutions,"West McLean, VA",13 days ago
Python Developer (Need Public Trust Clearance),Bestica Inc,"Reston, VA",13 days ago
Salesforce Developer,@Orchard,"Washington, DC",13 days ago
Android Developer,Samiti Technology Solutions and Services Private Limited,"Atlanta, GA",14 days ago
Software Developer/Engineer,CTD Staffing,"Memphis, TN",15 days ago
Sr. Android Mobile Developer,CORE TECHNOLOGY SOLUTIONS,,16 days ago
Sr. Web Applications Developer,"Software Specialists, Inc.",,17 days ago
Remote Senior Java Developer,Initiate Government Solutions,"Washington, DC",18 days ago
Sr. Java Developer,Sysazzle,"Malvern, PA",20 days ago
Sr. Java Developer,VBeyond,"Bentonville, AR",20 days ago
Java Software Engineer,"Peterson Technology Partners, Inc.","Charlotte, NC",20 days ago
Android Mobile App Developer,"Bublup, Inc","ARLINGTON, VA",20 days ago
Sr. Java Developer,Mobile Programming,"Richmond, VA",20 days ago
Senior C#/.NET Developer,Marten Recruiting Dept.,"Mondovi, WI",20 days ago
Full stack Java developer,PenMark SOLUTIONS,"Manhattan, NY",21 days ago
Full Stack Java Developer,Robust Tech Systems,"McLean, VA",21 days ago
C#.NET Developer – Career Opportunity - Idaho,Gayle Manufacturing Company,"NAMPA, ID",21 days ago
Full Stack Java Developer,"eBusiness Solutions, Inc.","Cincinnati, OH",21 days ago
Software Engineer,Openlogix Corporation,"Indianapolis, IN",22 days ago
Full Time Fullstack Developer,Nuware Technologies,"Piscataway, NJ",22 days ago
Senior Data Developer (Microservices),InCadence Strategic Solutions,"Manassas, VA",23 days ago
".Net Developer (Angular, C#, Microservices)",Spectra Group Inc.,"Pittsburgh, PA",23 days ago
Senior MuleSoft Developer,MST Solutions,"Chandler, AZ",23 days ago
Technical Lead - Java and Microservices,OpenBean Inc,"Pittsburgh, PA",23 days ago
Microsoft Full Stack Developer,World Services LLC,"Washington, DC",23 days ago
"Software Architect Expert in Albany, NY",Priamba,"Albany, NY",25 days ago
Azure Developer,"Sysintelli, Inc","Cary, NC",27 days ago
Cleared Java Developer Engineer,Dezign Concepts LLC,"Chantilly, VA",28 days ago
.NET Developer,IT Echelon Corporation,"Boston, MA",28 days ago
"Senior Software Platforms Consultant(Java, Cloud, Security) - MA",EWF Consulting Private Limited,"North Reading, MA",28 days ago
Java micro service developer,Keshav Consulting,"Johns Creek, GA",29 days ago
Java Full Stack Developer (Job Code: J2EE),WFNDecAN,"Anchorage, AK",29 days ago
Python Developer,Advantage It Inc,,+30 days ago
Web Front-end Developer,3L,"SOUTH AMBOY, NJ",Posted today
.net Developer,"Agile Global Solutions, Inc.","Folsom, CA",Posted today
.Net Software Developer (SaaS),CyberCoders,"Chicago, IL",1 day ago
Senior Software Developer,"Acuity, Inc.","UNAVAILABLE, DC",10 days ago
Automotive Cloud Software Developer,VW Automotive Cloud,"Redmond, WA",2 days ago
Associate Software Developer,LRS,"Springfield, IL",6 days ago
Sr. Software Developer (.NET),CBTS a Cincinnati Bell Company,"Cincinnati, OH",7 days ago
Senior Software Developer (.NET/C#/Microsoft Full Stack),Company Confidential,"Roanoke, VA",8 days ago
Software Engineer/Developer,Kratos Defense & Security Solutions,"Huntsville, AL",14 days ago
Software Developer,Collabera,"Broomfield, CO",1 day ago
Embedded Software Developer (C++/Python) Middleware (FL),OSI Engineering,"Sunrise, FL",6 days ago
